Price,Trdate,Postcode,Property_Type,Newbuild,Freeorlease,Year,Month,Oseast1M,Osnrth1M,Oa11,Latitude,Longitude
83_500,2009-06-26 00:00,NN8 3NQ,S,N,F,2009,2009-06,487_591,267_427,E00138947,52.298,-0.7169898
150_000,2009-03-25 00:00,SM5 1EQ,T,N,F,2009,2009-03,527_123,167_283,E00021085,51.39036,-0.1743469
227_000,2009-08-04 00:00,CR2 8PX,S,N,F,2009,2009-08,535_813,162_210,E00005578,51.34276,-0.05146355
930_000,2009-10-12 00:00,SE24 9NU,T,N,F,2009,2009-10,532_637,174_667,E00020507,51.45545,-0.09238335
183_750,2009-12-02 00:00,TN30 6RS,T,N,F,2009,2009-12,588_797,133_768,E00121972,51.07218,0.6935167
125_000,2009-05-08 00:00,CO3 9FE,F,N,L,2009,2009-05,596_591,224_251,E00110192,51.88215,0.8549443
350_000,2009-08-07 00:00,KT9 1AN,D,N,F,2009,2009-08,518_252,164_743,E00014812,51.36944,-0.3026253
180_000,2009-09-14 00:00,DA17 5BH,T,N,F,2009,2009-09,549_055,178_523,E00001649,51.48602,0.1453731
220_000,2009-12-14 00:00,CB5 8QJ,S,N,F,2009,2009-12,547_678,259_496,E00090522,52.21389,0.1601173
535_000,2009-06-22 00:00,SM7 3AF,D,N,F,2009,2009-06,525_991,160_169,E00155876,51.32667,-0.1931251
187_500,2009-08-07 00:00,OX3 9LB,S,N,F,2009,2009-08,455_014,208_062,E00145270,51.76854,-1.204162
201_000,2009-04-06 00:00,HP15 7RG,S,N,F,2009,2009-04,489_784,195_225,E00090220,51.64866,-0.7037038
117_000,2009-12-18 00:00,OX10 9BP,F,N,L,2009,2009-12,460_477,189_009,E00145784,51.59669,-1.128298
127_500,2009-10-30 00:00,RH12 5GJ,F,N,L,2009,2009-10,517_911,132_908,E00167708,51.08338,-0.3179851
205_000,2009-11-16 00:00,UB10 8PD,F,N,L,2009,2009-11,508_242,185_822,E00012269,51.5609,-0.4399178
170_000,2009-04-20 00:00,TN37 7JS,S,N,F,2009,2009-04,580_006,111_993,E00106472,50.87939,0.5573988
277_500,2009-10-05 00:00,TW20 0JJ,S,N,F,2009,2009-10,499_854,171_130,E00156421,51.43039,-0.5650313
315_000,2009-10-30 00:00,E14 9HB,F,Y,L,2009,2009-10,537_648,179_577,E00167130,51.49838,-0.0183955
85_000,2009-02-04 00:00,LU3 1EE,F,N,L,2009,2009-02,508_550,222_343,E00079390,51.88908,-0.4241044
225_000,2009-12-18 00:00,RG21 3QU,D,N,F,2009,2009-12,465_061,151_696,E00114424,51.26072,-1.06897
148_500,2009-12-15 00:00,IG11 7GH,F,N,L,2009,2009-12,544_215,183_267,E00175110,51.5299,0.07765354
335_000,2009-07-17 00:00,KT12 3JP,S,N,F,2009,2009-07,511_089,165_630,E00154902,51.37886,-0.405205
160_000,2009-10-16 00:00,BN23 8JA,T,N,F,2009,2009-10,561_557,103_963,E00106213,50.81269,0.2918461
137_000,2009-09-18 00:00,CM19 4PT,T,N,F,2009,2009-09,544_137,207_999,E00111077,51.75215,0.08670802
187_000,2009-12-11 00:00,RG19 4RU,T,N,F,2009,2009-12,452_174,166_615,E00172674,51.39618,-1.25146
160_000,2009-03-27 00:00,DA3 8HX,T,N,F,2009,2009-03,560_810,165_497,E00123920,51.36577,0.3086248
224_500,2009-08-28 00:00,PO21 4AE,T,N,F,2009,2009-08,491_613,98_655,E00159999,50.78025,-0.7019171
195_000,2009-09-28 00:00,CM5 9JJ,D,N,F,2009,2009-09,555_284,203_041,E00110500,51.70463,0.2458559
130_000,2009-10-06 00:00,CO4 3XQ,T,N,F,2009,2009-10,602_063,224_866,E00110205,51.88572,0.934698
175_000,2009-06-12 00:00,SE22 8QX,F,N,L,2009,2009-06,533_534,174_819,E00020508,51.45661,-0.07942352
140_000,2009-12-10 00:00,RH17 5JR,F,N,L,2009,2009-12,530_828,125_625,E00161774,51.01513,-0.1363003
250_000,2009-12-11 00:00,RH6 8EJ,S,N,F,2009,2009-12,527_448,143_751,E00155982,51.1788,-0.1780668
130_000,2009-03-27 00:00,CO1 1BE,F,Y,L,2009,2009-03,599_832,225_237,E00109958,51.88985,0.90254
170_000,2009-09-09 00:00,HP13 7YG,F,Y,L,2009,2009-09,489_340,191_728,E00172614,51.6173,-0.7110107
360_000,2009-11-13 00:00,E5 9RB,F,Y,L,2009,2009-11,535_507,186_521,E00176254,51.5613,-0.04655063
470_000,2009-12-11 00:00,KT20 5LY,D,N,F,2009,2009-12,524_340,158_555,E00156265,51.31253,-0.2173708
440_000,2009-11-27 00:00,GU18 5PE,D,N,F,2009,2009-11,492_051,161_564,E00156960,51.34571,-0.6797177
150_000,2009-10-06 00:00,SL3 8YF,F,N,L,2009,2009-10,501_889,179_727,E00083354,51.5073,-0.5332933
459_000,2009-12-22 00:00,RG14 6RT,D,N,F,2009,2009-12,445_343,163_944,E00082282,51.37275,-1.349979
249_000,2009-05-06 00:00,KT20 7SW,S,N,F,2009,2009-05,522_296,154_982,E00156244,51.28086,-0.247906
320_000,2009-09-25 00:00,RG27 9RQ,D,N,F,2009,2009-09,472_677,154_974,E00116284,51.28927,-0.9591751
180_000,2009-05-29 00:00,BN41 1PS,T,N,F,2009,2009-05,525_061,105_229,E00159843,50.83309,-0.2254595
171_000,2009-12-02 00:00,CO10 8HP,D,N,F,2009,2009-12,574_136,243_551,E00153558,52.06296,0.5388364
451_000,2009-08-07 00:00,CO1 2EB,D,N,F,2009,2009-08,600_516,224_464,E00110153,51.88267,0.9120171
225_000,2009-08-25 00:00,KT12 3HT,F,N,L,2009,2009-08,510_742,165_938,E00154897,51.3817,-0.4100929
328_000,2009-06-19 00:00,CR8 5DY,F,N,L,2009,2009-06,531_993,160_004,E00005355,51.32383,-0.1070929
350_000,2009-10-02 00:00,HP4 1DU,S,N,F,2009,2009-10,498_654,208_783,E00118698,51.76904,-0.5717092
3_050_000,2009-06-23 00:00,W2 2LH,F,N,L,2009,2009-06,527_502,180_941,E00023639,51.51302,-0.1639851
195_000,2009-12-21 00:00,ME7 4BD,T,N,F,2009,2009-12,578_164,167_104,E00081757,51.37503,0.5584634
115_000,2009-02-06 00:00,CM18 7RW,S,N,F,2009,2009-02,544_816,207_592,E00111052,51.74831,0.09636824
138_000,2009-07-17 00:00,SG7 5AF,F,N,L,2009,2009-07,524_312,234_068,E00119817,51.99116,-0.1909536
146_000,2009-04-08 00:00,RG12 0UJ,T,N,F,2009,2009-04,488_283,167_205,E00081873,51.39702,-0.7324047
126_000,2009-12-21 00:00,ME6 5BU,T,N,F,2009,2009-12,569_720,161_181,E00125740,51.32441,0.4344386
500_000,2009-11-04 00:00,W9 1BG,F,N,L,2009,2009-11,526_229,182_437,E00175259,51.52675,-0.1817848
140_000,2009-05-08 00:00,KT23 3LR,F,N,L,2009,2009-05,513_825,154_902,E00155647,51.2819,-0.3693338
246_000,2009-12-14 00:00,IG3 9DX,T,N,F,2009,2009-12,545_637,185_512,E00018802,51.54971,0.09906687
305_000,2009-07-09 00:00,GU2 9JR,D,Y,F,2009,2009-07,498_753,151_845,E00155504,51.25723,-0.5862072
485_000,2009-12-16 00:00,SW6 2LH,F,N,L,2009,2009-12,525_967,176_316,E00009708,51.4718,-0.1877428
125_000,2009-09-18 00:00,BN1 6EA,F,N,L,2009,2009-09,531_110,106_044,E00085489,50.83908,-0.1393176
310_000,2009-10-09 00:00,TN10 4PF,S,N,F,2009,2009-10,559_482,148_057,E00125533,51.20946,0.2817831
408_000,2009-09-16 00:00,HP18 9DG,D,N,F,2009,2009-09,469_026,209_112,E00089249,51.77643,-1.000927
500_000,2009-08-25 00:00,SG16 6JQ,D,N,F,2009,2009-08,516_209,235_606,E00088088,52.00673,-0.3083857
175_000,2009-04-16 00:00,BN1 9ES,S,N,F,2009,2009-04,532_690,109_148,E00085323,50.86662,-0.1157671
260_000,2009-01-30 00:00,DA15 8JG,S,N,F,2009,2009-01,545_293,173_407,E00001676,51.44103,0.0891295
173_500,2009-08-28 00:00,BR3 4TY,F,N,L,2009,2009-08,536_851,169_654,E00003380,51.4094,-0.0337055
462_000,2009-11-16 00:00,KT16 8AL,D,N,F,2009,2009-11,504_677,166_689,E00156331,51.3896,-0.496989
250_000,2009-02-12 00:00,BN16 3NY,D,N,F,2009,2009-02,504_787,102_292,E00160435,50.81071,-0.514082
160_000,2009-08-07 00:00,SO32 2LH,D,N,F,2009,2009-08,456_552,115_873,E00118263,50.93954,-1.196503
126_500,2009-10-07 00:00,HP19 9HY,S,N,F,2009,2009-10,480_463,214_954,E00089359,51.82742,-0.8338376
289_950,2009-08-28 00:00,RH13 5RE,T,Y,F,2009,2009-08,517_605,130_173,E00161354,51.05886,-0.3232404
420_000,2009-12-18 00:00,KT3 6RL,S,N,F,2009,2009-12,521_947,167_348,E00015034,51.39208,-0.2486772
227_500,2009-09-02 00:00,BN16 4HX,D,N,F,2009,2009-09,506_849,103_953,E00160038,50.82527,-0.4843428
249_950,2009-04-20 00:00,BR3 3FX,F,N,L,2009,2009-04,537_899,167_710,E00166112,51.39168,-0.01940153
87_500,2009-10-13 00:00,MK4 2GG,S,N,L,2009,2009-10,483_471,234_771,E00084519,52.00511,-0.7854035
235_000,2009-08-06 00:00,CO7 0JD,D,N,F,2009,2009-08,608_471,217_013,E00111645,51.81286,1.022941
170_000,2009-10-30 00:00,NN12 6EA,S,N,F,2009,2009-10,469_108,247_468,E00138878,52.12122,-0.9920398
222_500,2009-10-30 00:00,N16 5HN,F,N,L,2009,2009-10,532_799,187_354,E00009024,51.56943,-0.08527847
294_000,2009-09-16 00:00,ME9 8QW,D,N,F,2009,2009-09,590_159,167_243,E00166883,51.3724,0.7306777
195_000,2009-10-01 00:00,EN7 6JZ,T,N,F,2009,2009-10,534_545,202_819,E00118344,51.70798,-0.05416163
149_950,2009-05-29 00:00,RG19 4PS,F,N,L,2009,2009-05,452_047,166_616,E00172674,51.3962,-1.253285
430_000,2009-06-19 00:00,SW12 8SN,F,N,L,2009,2009-06,528_036,173_652,E00022905,51.44739,-0.1589338
430_000,2009-06-16 00:00,BR2 7DG,S,N,F,2009,2009-06,540_202,166_082,E00003714,51.37649,0.01303503
230_000,2009-10-30 00:00,WD24 4ES,S,N,F,2009,2009-10,511_316,198_211,E00121342,51.67165,-0.3916602
135_000,2009-12-22 00:00,MK6 5AU,T,N,F,2009,2009-12,486_379,237_612,E00084971,52.0302,-0.7423347
125_000,2009-07-10 00:00,SM6 9BN,F,N,L,2009,2009-07,529_548,163_866,E00021069,51.3591,-0.1407583
138_000,2009-10-16 00:00,LU5 5RD,T,N,F,2009,2009-10,503_336,224_465,E00088841,51.90915,-0.4992031
180_000,2009-10-02 00:00,N4 2QW,F,N,L,2009,2009-10,531_475,186_405,E00013697,51.56121,-0.1047254
500_000,2009-05-07 00:00,HP1 2SN,S,N,F,2009,2009-05,502_913,208_176,E00119008,51.76282,-0.5101895
280_000,2009-02-20 00:00,CT5 3RP,D,N,F,2009,2009-02,611_948,165_110,E00122168,51.34554,1.042007
62_000,2009-12-01 00:00,NW4 3AF,F,Y,L,2009,2009-12,522_609,188_847,E00001525,51.58515,-0.2317077
144_995,2009-12-22 00:00,SP11 6FH,T,Y,F,2009,2009-12,437_430,147_599,E00168065,51.22636,-1.465362
230_000,2009-06-25 00:00,GU3 3HL,T,N,F,2009,2009-06,497_802,152_299,E00155563,51.26147,-0.5997071
344_000,2009-09-07 00:00,CM3 4RL,D,N,F,2009,2009-09,579_166,205_041,E00109576,51.71548,0.5921456
900_000,2009-05-22 00:00,KT20 6ND,D,N,F,2009,2009-05,525_313,155_753,E00156025,51.28714,-0.2044005
165_000,2009-12-22 00:00,CM8 2DD,T,N,F,2009,2009-12,582_002,215_294,E00108804,51.80666,0.6385175
249_950,2009-05-13 00:00,CB1 3RQ,F,N,L,2009,2009-05,546_383,257_394,E00167363,52.19535,0.1402692
175_000,2009-02-05 00:00,SL3 7RS,D,N,F,2009,2009-02,499_609,179_094,E00083329,51.50201,-0.5663127
220_000,2009-11-13 00:00,E9 7HD,F,N,L,2009,2009-11,535_766,183_985,E00009165,51.53845,-0.04379445
160_000,2009-10-19 00:00,MK43 8NE,T,N,F,2009,2009-10,500_642,250_692,E00088172,52.14536,-0.5306468
237_000,2010-02-26 00:00,CO7 7DA,S,Y,F,2010,2010-02,606_611,224_326,E00112037,51.87921,1.000364
250_000,2010-11-11 00:00,CO5 0HH,D,N,F,2010,2010-11,589_885,216_205,E00110339,51.81222,0.7532189
200_000,2010-07-22 00:00,GU11 1JW,T,N,F,2010,2010-07,486_338,150_637,E00167942,51.24838,-0.7643634
200_000,2010-03-29 00:00,CO5 9NQ,S,N,F,2010,2010-03,586_557,219_042,E00108717,51.83882,0.7065264
175_950,2010-09-30 00:00,EN10 6GF,F,Y,L,2010,2010-09,536_392,204_643,E00169721,51.72393,-0.02673403
295_000,2010-05-28 00:00,RG24 8YU,D,N,F,2010,2010-05,466_341,153_916,E00114251,51.28053,-1.050217
174_000,2010-05-28 00:00,CM1 4XA,S,N,F,2010,2010-05,568_916,208_837,E00109713,51.75276,0.4457609
225_000,2010-07-09 00:00,SG7 6TJ,T,N,F,2010,2010-07,525_776,234_055,E00119793,51.99071,-0.1696487
242_000,2010-12-14 00:00,N17 6RZ,T,N,F,2010,2010-12,533_661,190_415,E00009928,51.59673,-0.07168429
165_000,2010-08-19 00:00,TN23 5YG,S,N,F,2010,2010-08,599_498,140_272,E00122002,51.12698,0.8496577
182_000,2010-03-17 00:00,RG21 5NW,S,N,F,2010,2010-03,463_466,153_135,E00114524,51.27384,-1.091571
170_000,2010-04-09 00:00,PO20 8DS,S,N,F,2010,2010-04,480_153,96_759,E00160649,50.76489,-0.8648432
285_000,2010-04-16 00:00,SL6 7QT,S,N,F,2010,2010-04,487_672,182_657,E00083668,51.53602,-0.7373574
499_950,2010-07-30 00:00,GU16 9RB,D,N,F,2010,2010-07,489_674,159_278,E00156938,51.32554,-0.7144122
224_500,2010-07-29 00:00,CB7 5AD,D,N,F,2010,2010-07,559_957,272_821,E00091054,52.33016,0.3459993
158_500,2010-02-25 00:00,DA1 5DU,T,N,F,2010,2010-02,555_595,175_044,E00122622,51.453,0.2379595
195_000,2010-05-14 00:00,NN5 6FJ,S,Y,F,2010,2010-05,472_216,261_327,E00138445,52.2454,-0.9437062
355_000,2010-11-19 00:00,SW18 2SL,F,N,L,2010,2010-11,526_730,174_865,E00022685,51.45858,-0.1772829
325_000,2010-12-17 00:00,NW10 5JH,F,N,L,2010,2010-12,522_998,183_114,E00002599,51.53354,-0.2280996
675_000,2010-12-14 00:00,N10 2HA,T,N,F,2010,2010-12,528_524,190_586,E00009848,51.59946,-0.1457438
260_000,2010-06-25 00:00,EC2Y 8NE,F,N,L,2010,2010-06,532_124,181_918,E00166756,51.52073,-0.09705127
200_995,2010-11-30 00:00,TN23 3FJ,T,N,F,2010,2010-11,599_407,143_301,E00167598,51.15421,0.8500347
200_000,2010-09-07 00:00,NN29 7TH,S,N,F,2010,2010-09,488_098,264_753,E00139031,52.27388,-0.7102552
190_000,2010-12-22 00:00,RH11 8LN,S,N,F,2010,2010-12,524_768,136_033,E00160977,51.11002,-0.2190595
500_000,2010-07-30 00:00,E1 1AS,T,N,F,2010,2010-07,534_361,181_515,E00167168,51.51659,-0.06498185
640_000,2010-05-10 00:00,RH20 2LY,D,N,F,2010,2010-05,508_352,117_023,E00161279,50.94248,-0.4591409
125_000,2010-11-26 00:00,CB8 0HR,D,N,F,2010,2010-11,564_224,263_385,E00152639,52.24415,0.4039658
151_000,2010-12-17 00:00,CR4 4EJ,F,N,L,2010,2010-12,527_402,168_117,E00017099,51.39779,-0.1700402
690_000,2010-06-25 00:00,GU22 7AR,D,N,F,2010,2010-06,501_208,158_913,E00157962,51.32033,-0.549037
420_000,2010-05-06 00:00,TN39 3AY,D,N,F,2010,2010-05,572_945,107_159,E00107142,50.83812,0.4548455
1_075_000,2010-11-26 00:00,TN17 1HH,S,Y,F,2010,2010-11,570_026,136_543,E00125911,51.10298,0.4271555
330_000,2010-08-06 00:00,SE4 2AN,F,N,L,2010,2010-08,536_561,175_251,E00016580,51.45977,-0.03571618
163_000,2010-02-05 00:00,KT14 7PD,F,N,L,2010,2010-02,506_221,161_169,E00157766,51.3397,-0.4764545
315_000,2010-07-30 00:00,GU24 9AG,S,N,F,2010,2010-07,495_262,159_156,E00167819,51.32354,-0.6342712
133_000,2010-04-30 00:00,GU14 6AH,F,N,L,2010,2010-04,487_158,153_717,E00117553,51.27594,-0.7518681
150_000,2010-08-18 00:00,HA2 9TW,F,N,L,2010,2010-08,512_995,187_322,E00011031,51.57345,-0.3708994
235_000,2010-06-10 00:00,RG5 4UZ,S,N,F,2010,2010-06,477_423,173_328,E00084084,51.45365,-0.887137
675_000,2010-03-03 00:00,SW1V 1AG,F,Y,L,2010,2010-03,529_000,178_853,E00024054,51.49391,-0.1431728
250_000,2010-03-31 00:00,TW17 0SD,S,N,F,2010,2010-03,508_208,169_006,E00156676,51.40976,-0.445556
220_000,2010-11-25 00:00,BN16 2JL,S,N,F,2010,2010-11,505_129,101_539,E00160445,50.80388,-0.509445
285_000,2010-07-09 00:00,OX17 3JU,D,N,F,2010,2010-07,447_566,236_167,E00144837,52.02189,-1.308218
192_500,2010-12-17 00:00,BN1 3TS,F,N,L,2010,2010-12,530_648,105_319,E00085503,50.83267,-0.1461336
215_000,2010-10-29 00:00,BR8 8NL,S,N,F,2010,2010-10,551_313,168_146,E00124217,51.39218,0.1734377
87_500,2010-06-22 00:00,SM7 2LJ,T,N,F,2010,2010-06,525_243,159_609,E00155883,51.32181,-0.2040515
167_500,2010-11-11 00:00,GU21 3BN,F,N,L,2010,2010-11,499_031,158_721,E00157808,51.31899,-0.5803201
95_000,2010-11-25 00:00,TN37 7UA,F,N,L,2010,2010-11,580_122,112_592,E00106567,50.88474,0.559341
246_500,2010-03-31 00:00,SE20 7NA,T,N,F,2010,2010-03,535_940,170_448,E00003912,51.41676,-0.04649178
243_000,2010-07-22 00:00,BN2 7FN,S,N,F,2010,2010-07,536_481,103_465,E00085649,50.81466,-0.06404227
500_000,2010-02-12 00:00,SL5 8RR,D,N,F,2010,2010-02,489_773,169_523,E00081778,51.41762,-0.7104072
280_000,2010-10-11 00:00,W10 4QJ,F,N,L,2010,2010-10,524_349,182_634,E00023857,51.52893,-0.2088014
135_100,2010-03-12 00:00,LU2 9BL,S,N,F,2010,2010-03,510_961,222_999,E00079904,51.8945,-0.388875
211_000,2010-11-26 00:00,RH10 7WQ,S,N,F,2010,2010-11,529_526,136_170,E00161054,51.1102,-0.1510792
177_500,2010-06-25 00:00,CM7 3PD,S,N,F,2010,2010-06,577_873,222_283,E00108550,51.87076,0.5822836
262_000,2010-02-12 00:00,NN13 6PZ,D,N,F,2010,2010-02,457_910,238_544,E00138729,52.04228,-1.157086
2_275_000,2010-11-12 00:00,GU9 8JA,D,N,F,2010,2010-11,485_392,145_931,E00157516,51.20622,-0.7790339
185_000,2010-12-17 00:00,RM7 9AL,T,N,F,2010,2010-12,550_590,188_300,E00011765,51.57346,0.1716409
165_000,2010-12-15 00:00,CO3 8LU,T,N,F,2010,2010-12,593_507,224_150,E00109996,51.88232,0.8101377
477_500,2010-12-21 00:00,SL4 4DH,D,N,F,2010,2010-12,494_756,175_924,E00083553,51.47435,-0.6370585
84_000,2010-02-24 00:00,PE29 3BY,F,N,L,2010,2010-02,523_598,271_698,E00173809,52.32946,-0.1876615
130_000,2010-12-17 00:00,ME4 4ZN,F,Y,L,2010,2010-12,576_443,170_062,E00081433,51.40214,0.535231
335_000,2010-11-17 00:00,CR3 0AA,S,N,F,2010,2010-11,533_704,158_255,E00157348,51.30771,-0.0832075
178_650,2010-12-17 00:00,OX7 7HA,T,N,F,2010,2010-12,443_301,226_097,E00146719,51.93171,-1.371636
310_000,2010-09-24 00:00,SW4 6HB,F,N,L,2010,2010-09,529_576,175_923,E00015293,51.46745,-0.1359543
543_285,2010-11-12 00:00,N5 1PP,F,N,L,2010,2010-11,531_373,185_254,E00013657,51.55089,-0.1066256
274_500,2010-02-09 00:00,GU34 1SA,T,N,F,2010,2010-02,470_939,137_860,E00114846,51.13563,-0.9874738
449_000,2010-02-19 00:00,SE15 4AJ,T,N,F,2010,2010-02,533_725,175_789,E00020393,51.46528,-0.07630959
225_000,2010-06-04 00:00,HP2 6DU,D,N,F,2010,2010-06,506_258,208_976,E00118848,51.76939,-0.4614945
246_500,2010-11-12 00:00,DA1 3QQ,S,N,F,2010,2010-11,551_614,174_023,E00001853,51.44491,0.1802723
315_000,2010-05-28 00:00,RH13 5HX,T,Y,F,2010,2010-05,518_145,130_405,E00161430,51.06084,-0.3154629
237_500,2010-06-17 00:00,TN8 5EG,S,N,F,2010,2010-06,544_163,146_234,E00124008,51.19714,0.06190297
215_000,2010-07-06 00:00,SW2 4PJ,T,N,F,2010,2010-07,530_185,172_775,E00015814,51.43902,-0.1283493
217_000,2010-05-07 00:00,SL6 4AZ,T,N,F,2010,2010-05,487_442,180_068,E00083780,51.51278,-0.7413144
1_110_000,2010-11-25 00:00,SO23 9RX,D,N,F,2010,2010-11,447_355,127_130,E00118214,51.04158,-1.325923
159_500,2010-01-15 00:00,SG18 0DA,T,N,F,2010,2010-01,519_129,245_011,E00087819,52.09063,-0.2625906
190_000,2010-03-19 00:00,HP19 9PH,S,N,F,2010,2010-03,481_424,214_803,E00089171,51.82592,-0.8199315
180_000,2010-09-15 00:00,N12 8RB,T,N,F,2010,2010-09,526_231,193_177,E00001572,51.62326,-0.1779002
187_000,2010-04-22 00:00,DA17 5AN,T,N,F,2010,2010-04,549_128,178_961,E00001638,51.48994,0.1466086
500_000,2010-02-12 00:00,GU51 1GN,D,N,F,2010,2010-02,480_644,155_499,E00167916,51.29292,-0.8448313
270_000,2010-10-27 00:00,RH2 0DD,F,N,L,2010,2010-10,525_688,150_941,E00156187,51.24381,-0.2007156
182_500,2010-02-25 00:00,CM7 9AX,D,N,F,2010,2010-02,576_157,224_022,E00108443,51.88692,0.5582716
299_950,2010-11-02 00:00,TW17 8HR,S,N,F,2010,2010-11,508_704,167_302,E00156714,51.39435,-0.4389488
180_000,2010-09-17 00:00,OX26 2LZ,T,N,F,2010,2010-09,456_974,223_010,E00145071,51.90273,-1.173305
247_000,2010-01-22 00:00,SW17 8TY,F,N,L,2010,2010-01,528_094,172_191,E00022568,51.43425,-0.1586278
197_000,2010-07-23 00:00,BN23 7TB,S,N,F,2010,2010-07,563_266,103_271,E00106233,50.80599,0.3157758
194_500,2010-11-04 00:00,W3 9SL,F,N,L,2010,2010-11,519_194,180_323,E00006746,51.50927,-0.2838591
118_500,2010-07-20 00:00,MK7 7TJ,S,N,F,2010,2010-07,490_353,236_842,E00084880,52.02265,-0.6846281
200_000,2010-11-05 00:00,RH20 3ES,S,N,F,2010,2010-11,510_206,116_892,E00161267,50.94095,-0.432802
275_000,2010-05-12 00:00,WD6 1HW,S,N,F,2010,2010-05,520_211,196_968,E00119579,51.65865,-0.2635183
3_400_000,2010-07-16 00:00,W8 6QT,T,N,F,2010,2010-07,525_339,179_070,E00014045,51.49668,-0.1958032
260_000,2009-12-04 00:00,HP4 3LA,S,N,F,2009,2009-12,497_681,208_024,E00118737,51.76239,-0.5860184
140_000,2011-12-21 00:00,SG7 6LT,F,N,L,2011,2011-12,524_761,232_577,E00119814,51.97766,-0.1849598
305_000,2011-05-31 00:00,NW7 1BQ,F,Y,L,2011,2011-05,524_354,192_142,E00174896,51.61438,-0.2053673
65_000,2011-08-18 00:00,RH20 1RG,F,N,L,2011,2011-08,504_375,118_514,E00161469,50.95661,-0.5153
275_000,2011-08-19 00:00,GU3 1NF,S,N,F,2011,2011-08,499_166,146_334,E00155460,51.20762,-0.5818143
150_000,2011-06-20 00:00,SE13 7PA,F,N,L,2011,2011-06,538_232,175_980,E00016633,51.46592,-0.01139432
140_000,2011-12-21 00:00,ME10 5AG,T,Y,F,2011,2011-12,589_170,164_795,E00124708,51.35074,0.7151845
245_000,2011-10-10 00:00,RH12 5XH,S,N,F,2011,2011-10,517_688,132_381,E00161398,51.07869,-0.3213388
148_083,2011-12-16 00:00,PO7 7UY,F,Y,L,2011,2011-12,467_083,110_530,E00118042,50.89037,-1.047623
190_000,2011-05-31 00:00,RH11 8ZN,F,Y,L,2011,2011-05,525_802,135_982,E00161136,51.10934,-0.2043142
140_000,2011-02-21 00:00,SS1 2EB,F,N,L,2011,2011-02,589_217,185_909,E00169996,51.54036,0.7271383
280_000,2011-09-29 00:00,RG21 5NR,S,N,F,2011,2011-09,463_502,152_883,E00114535,51.27157,-1.091099
625_000,2011-12-21 00:00,SW19 8TW,T,N,F,2011,2011-12,525_986,170_832,E00017486,51.42251,-0.18942
297_500,2011-06-28 00:00,W4 3BN,F,N,L,2011,2011-06,519_543,177_977,E00012827,51.48812,-0.2796267
90_000,2011-12-21 00:00,CB7 5YP,S,N,L,2011,2011-12,559_324,274_064,E00091036,52.34151,0.337307
343_000,2011-11-29 00:00,GU7 1BL,T,N,F,2011,2011-11,497_334,143_470,E00157609,51.18219,-0.6088067
250_000,2011-08-26 00:00,KT1 2LL,F,N,L,2011,2011-08,517_863,168_030,E00014941,51.39907,-0.3071211
260_000,2011-09-20 00:00,SW11 1EE,F,N,L,2011,2011-09,527_612,175_162,E00022919,51.46106,-0.1644876
180_000,2011-11-15 00:00,N13 4LR,F,N,L,2011,2011-11,530_965,193_398,E00007779,51.62417,-0.109471
435_110,2011-05-26 00:00,W4 5JE,F,N,L,2011,2011-05,520_640,179_345,E00006838,51.50018,-0.2633673
172_000,2011-09-09 00:00,SM2 6RE,S,N,L,2011,2011-09,525_491,163_109,E00020925,51.35321,-0.1992622
210_000,2011-08-09 00:00,GU52 0YL,T,N,F,2011,2011-08,480_277,151_623,E00116135,51.25813,-0.8509629
220_000,2011-02-11 00:00,WD3 3QQ,F,N,L,2011,2011-02,507_969,195_810,E00120954,51.65073,-0.4407823
288_500,2011-08-12 00:00,SE25 6QY,T,N,F,2011,2011-08,533_451,168_481,E00005673,51.39967,-0.08300278
245_000,2011-05-27 00:00,E17 6LS,T,N,F,2011,2011-05,536_405,189_461,E00022101,51.5875,-0.03246356
247_000,2011-11-28 00:00,TN12 6HT,D,N,F,2011,2011-11,567_280,144_824,E00125945,51.17818,0.3918134
306_000,2011-10-07 00:00,TW16 6RN,S,N,F,2011,2011-10,510_500,168_506,E00156834,51.40483,-0.4127703
325_000,2011-11-01 00:00,SS5 4NW,D,N,F,2011,2011-11,584_545,192_180,E00111403,51.59823,0.6631375
280_000,2011-09-02 00:00,W10 5BL,F,N,L,2011,2011-09,524_190,182_364,E00175095,51.52654,-0.2111874
250_000,2011-03-11 00:00,SE23 3QX,F,N,L,2011,2011-03,535_222,174_105,E00020233,51.44979,-0.05541561
191_000,2011-12-14 00:00,AL9 7DG,F,N,L,2011,2011-12,523_158,205_433,E00121687,51.73409,-0.2179498
575_000,2011-05-12 00:00,SE3 7TE,F,N,L,2011,2011-05,540_221,177_047,E00007884,51.47501,0.01764349
275_000,2011-08-05 00:00,SG14 2AS,T,N,F,2011,2011-08,531_289,212_461,E00119313,51.7954,-0.09761928
194_000,2011-12-08 00:00,E8 1LW,F,N,L,2011,2011-12,534_671,185_101,E00008791,51.54874,-0.05914669
430_000,2011-07-07 00:00,NW9 5AP,S,N,F,2011,2011-07,520_711,189_913,E00000623,51.59514,-0.2587227
425_000,2011-01-28 00:00,SG14 3RH,S,N,F,2011,2011-01,529_832,219_703,E00119471,51.86081,-0.1160208
130_000,2011-07-29 00:00,ME9 9TG,T,N,F,2011,2011-07,595_567,162_965,E00124967,51.33214,0.8059278
225_000,2011-12-02 00:00,E16 3UD,T,N,F,2011,2011-12,541_595,181_558,E00017780,51.51521,0.03922262
349_700,2011-09-12 00:00,SW4 6JQ,F,Y,L,2011,2011-09,530_111,176_113,E00171551,51.46903,-0.1281867
160_000,2011-12-22 00:00,CO16 0EN,D,N,F,2011,2011-12,617_710,222_636,E00111609,51.85982,1.160294
290_000,2011-05-06 00:00,BN41 1DA,T,N,F,2011,2011-05,526_199,105_141,E00085720,50.83205,-0.2093382
245_000,2011-05-27 00:00,RH5 4NP,S,N,F,2011,2011-05,517_082,145_026,E00155801,51.19247,-0.3258803
245_000,2011-08-08 00:00,GU24 8PS,D,N,F,2011,2011-08,497_830,162_476,E00156890,51.35295,-0.5965183
522_500,2011-02-23 00:00,RG4 7RZ,S,N,F,2011,2011-02,471_276,174_966,E00082668,51.46918,-0.9752576
157_500,2011-04-12 00:00,EN1 4PP,F,N,L,2011,2011-04,535_041,198_794,E00007706,51.6717,-0.04854384
183_000,2011-08-18 00:00,BN23 6RS,S,N,F,2011,2011-08,564_001,100_974,E00167639,50.78515,0.3251734
250_000,2011-07-08 00:00,E2 0SZ,F,N,L,2011,2011-07,535_912,183_013,E00167208,51.52968,-0.04206546
300_000,2011-10-06 00:00,RH10 3LT,D,N,F,2011,2011-10,531_935,139_436,E00161735,51.139,-0.1154918
125_000,2011-07-19 00:00,HA9 8JG,F,N,L,2011,2011-07,518_504,186_290,E00002789,51.56305,-0.2917905
230_000,2011-11-14 00:00,KT6 6BL,F,N,L,2011,2011-11,518_125,167_196,E00015101,51.39152,-0.303634
395_000,2011-06-10 00:00,TW1 1JR,T,N,F,2011,2011-06,516_537,174_223,E00019457,51.455,-0.3241384
355_500,2011-09-12 00:00,N14 7BS,F,N,L,2011,2011-09,530_518,193_080,E00007583,51.62142,-0.116043
497_500,2011-10-21 00:00,KT12 3EN,S,N,F,2011,2011-10,511_926,165_809,E00154898,51.38031,-0.3931273
86_500,2011-10-19 00:00,NN5 7EN,T,N,F,2011,2011-10,474_535,261_638,E00138587,52.24788,-0.9096789
200_000,2011-08-15 00:00,DA1 4AN,T,N,F,2011,2011-08,552_217,174_522,E00001851,51.44923,0.1891569
317_000,2011-08-12 00:00,PO20 8DG,S,N,F,2011,2011-08,479_598,96_852,E00160644,50.76581,-0.8726911
80_000,2011-10-19 00:00,BN17 5BP,T,N,F,2011,2011-10,502_517,102_094,E00160404,50.80934,-0.5463451
218_500,2011-08-16 00:00,PE28 9DY,D,N,F,2011,2011-08,529_905,270_596,E00091823,52.3181,-0.09558761
760_000,2011-06-16 00:00,KT5 8LQ,S,N,F,2011,2011-06,519_162,167_223,E00014703,51.39154,-0.2887277
232_500,2011-06-03 00:00,PO9 2FQ,D,N,F,2011,2011-06,473_047,107_365,E00116639,50.86119,-0.9634757
800_000,2011-01-28 00:00,KT6 6JQ,D,N,F,2011,2011-01,518_488,166_468,E00015088,51.3849,-0.2986619
232_000,2011-07-27 00:00,E3 2BA,F,N,L,2011,2011-07,536_987,182_977,E00021328,51.52909,-0.02659193
240_000,2011-11-30 00:00,TN8 6GA,S,N,F,2011,2011-11,544_045,147_066,E00172103,51.20465,0.06054893
599_000,2011-08-19 00:00,GU4 8NR,D,N,F,2011,2011-08,502_722,147_237,E00155521,51.21511,-0.5306693
157_000,2011-04-21 00:00,CO2 7SH,S,N,F,2011,2011-04,600_150,223_856,E00109931,51.87734,0.9063544
368_000,2011-10-07 00:00,HA1 1TD,S,N,F,2011,2011-10,515_324,188_878,E00010918,51.58697,-0.336797
175_000,2011-02-17 00:00,RM1 4UP,T,N,F,2011,2011-02,551_217,190_732,E00011687,51.59514,0.1817281
243_750,2011-10-31 00:00,N13 5PS,F,N,L,2011,2011-10,531_408,193_173,E00007418,51.62204,-0.1031595
435_000,2011-05-27 00:00,SE3 7AP,F,N,L,2011,2011-05,539_873,176_974,E00007879,51.47444,0.0126071
745_000,2011-04-08 00:00,SE19 2HX,S,N,F,2011,2011-04,533_915,170_175,E00003626,51.41479,-0.07569772
146_000,2011-12-20 00:00,CR0 2AE,F,N,L,2011,2011-12,532_387,166_375,E00005226,51.381,-0.0990735
170_000,2011-09-30 00:00,SE26 5QF,F,N,L,2011,2011-09,535_546,171_459,E00016866,51.42594,-0.05176788
750_000,2011-06-17 00:00,HA5 3BD,D,N,F,2011,2011-06,512_832,189_562,E00010942,51.59362,-0.3725313
326_500,2011-02-18 00:00,UB5 5DA,S,N,F,2011,2011-02,512_453,184_196,E00006593,51.54546,-0.3797158
692_500,2011-11-04 00:00,RG7 4SP,D,N,F,2011,2011-11,455_640,165_525,E00082126,51.38605,-1.201816
160_000,2011-11-21 00:00,HP1 1AU,F,Y,L,2011,2011-11,505_393,206_342,E00169643,51.74587,-0.4748232
274_000,2011-02-23 00:00,SW6 7QP,F,N,L,2011,2011-02,524_505,177_295,E00009524,51.48092,-0.2084366
162_000,2011-09-05 00:00,SS7 2AL,T,N,F,2011,2011-09,581_028,186_721,E00109310,51.55033,0.6096041
162_000,2011-05-12 00:00,SS2 4QB,S,N,F,2011,2011-05,589_662,187_056,E00080272,51.55051,0.7341651
139_000,2011-08-26 00:00,CB8 7EX,T,N,F,2011,2011-08,561_599,265_824,E00152573,52.26683,0.3667196
859_250,2011-09-08 00:00,SO22 5HJ,D,N,F,2011,2011-09,446_721,130_260,E00118220,51.06978,-1.334563
192_500,2011-09-30 00:00,GU3 3EE,T,N,F,2011,2011-09,495_728,150_836,E00155571,51.24867,-0.6298129
165_000,2011-01-06 00:00,GU22 0BL,T,N,F,2011,2011-01,499_963,157_131,E00157892,51.30453,-0.5673958
125_000,2011-07-05 00:00,SM5 2TT,F,N,L,2011,2011-07,528_279,165_051,E00021035,51.37004,-0.158547
403_000,2011-12-22 00:00,W5 5HS,S,N,F,2011,2011-12,517_557,180_164,E00006890,51.50819,-0.3074894
197_000,2011-10-25 00:00,SG4 9DU,T,N,F,2011,2011-10,519_043,228_368,E00119895,51.94109,-0.2696257
112_500,2011-06-30 00:00,CO2 8HQ,F,N,L,2011,2011-06,601_643,223_875,E00176434,51.87697,0.9280252
410_000,2011-08-22 00:00,PE28 2AQ,D,N,F,2011,2011-08,527_779,272_224,E00091835,52.33323,-0.1261419
1_740_000,2011-10-07 00:00,N6 6QA,D,N,F,2011,2011-10,528_424,186_569,E00004504,51.56338,-0.1486545
1_030_000,2011-03-28 00:00,SM7 1PQ,D,N,F,2011,2011-03,523_772,160_957,E00020706,51.33424,-0.2246828
175_000,2011-09-02 00:00,ME15 7SG,S,N,F,2011,2011-09,576_563,155_278,E00123731,51.2693,0.5296311
362_500,2011-02-07 00:00,SS5 4UU,D,N,F,2011,2011-02,583_311,192_618,E00111443,51.60256,0.6455698
96_000,2011-12-02 00:00,HP11 1AU,F,N,L,2011,2011-12,489_280,191_633,E00090341,51.61645,-0.7119012
188_000,2011-02-23 00:00,CB7 5BH,S,N,F,2011,2011-02,559_266,273_515,E00091051,52.3366,0.3361964
1_640_000,2011-09-16 00:00,NW8 7LA,F,N,L,2011,2011-09,527_518,183_461,E00023924,51.53566,-0.1628434
2_025_000,2011-11-21 00:00,SE3 7TH,D,N,F,2011,2011-11,540_202,177_015,E00007884,51.47473,0.0173574
285_000,2011-08-24 00:00,CB22 3DT,D,N,F,2011,2011-08,548_707,250_156,E00092196,52.12971,0.171077
309_950,2011-10-31 00:00,RG1 5EB,S,N,F,2011,2011-10,472_192,172_320,E00082933,51.44528,-0.9626119
164_950,2011-07-15 00:00,OX4 7ZD,T,N,F,2011,2011-07,455_510,202_145,E00145531,51.7153,-1.197917
388_200,2011-12-12 00:00,N10 2AJ,F,N,L,2011,2011-12,529_089,190_462,E00009852,51.59822,-0.1376364
232_500,2011-06-23 00:00,SE18 4PR,F,N,L,2011,2011-06,542_676,176_644,E00008199,51.47078,0.05280614
249_999,2011-06-30 00:00,SE1 4BU,F,N,L,2011,2011-06,532_865,179_544,E00019811,51.49923,-0.08727116
390_000,2011-09-18 00:00,TN2 4SJ,S,N,F,2011,2011-09,559_087,139_133,E00125989,51.12938,0.2721879
120_000,2011-04-19 00:00,WD19 6JN,S,N,F,2011,2011-04,511_102,192_856,E00121066,51.62357,-0.3964526
310_000,2011-05-06 00:00,RH8 0BP,S,N,F,2011,2011-05,539_508,152_682,E00157238,51.25624,-0.00216827
225_000,2011-07-01 00:00,OX15 0PF,D,N,F,2011,2011-07,449_072,231_760,E00145129,51.98214,-1.286902
195_000,2011-12-09 00:00,SG7 5NY,T,N,F,2011,2011-12,526_705,239_687,E00119787,52.04111,-0.1540445
320_000,2011-01-20 00:00,SE16 4QS,T,N,F,2011,2011-01,534_378,179_232,E00020250,51.49607,-0.0656061
167_000,2011-09-16 00:00,ME13 9TA,S,N,F,2011,2011-09,606_395,159_008,E00124645,51.29278,0.9588559
199_950,2012-04-27 00:00,LU7 3DZ,T,Y,F,2012,2012-04,492_754,226_301,E00088886,51.92751,-0.652492
1_650_000,2012-12-11 00:00,W12 8BN,S,N,F,2012,2012-12,522_727,179_612,E00009309,51.50213,-0.233223
107_000,2012-07-23 00:00,W6 7PY,F,N,L,2012,2012-07,523_383,179_208,E00009255,51.49835,-0.2239178
275_000,2012-07-05 00:00,TN19 7EB,D,N,F,2012,2012-07,568_161,125_930,E00107169,51.00818,0.395615
390_000,2012-09-11 00:00,SS3 9BY,D,Y,F,2012,2012-09,593_516,184_395,E00169998,51.5253,0.7882209
390_000,2012-10-12 00:00,HA7 3BE,F,N,L,2012,2012-10,516_421,192_245,E00011116,51.617,-0.3198536
326_500,2012-06-08 00:00,N19 5SR,F,N,L,2012,2012-06,529_518,186_664,E00013818,51.56399,-0.1328457
161_000,2012-03-08 00:00,BR3 1PD,F,N,L,2012,2012-03,536_934,170_060,E00003439,51.41303,-0.03235622
250_000,2012-07-03 00:00,PE19 8HG,D,N,F,2012,2012-07,517_130,259_067,E00091701,52.21737,-0.2869118
190_000,2012-08-06 00:00,SS3 0AU,T,N,F,2012,2012-08,595_321,186_846,E00111350,51.54669,0.8155658
368_000,2012-06-22 00:00,ME14 5JJ,S,N,F,2012,2012-06,578_370,155_829,E00123526,51.27369,0.5557815
130_000,2012-08-31 00:00,SS14 2AS,T,N,F,2012,2012-08,570_379,188_945,E00108285,51.57363,0.4572454
159_995,2012-10-16 00:00,SS17 0SJ,T,N,F,2012,2012-10,568_496,181_793,E00080844,51.50994,0.4266781
242_000,2012-07-02 00:00,SM4 4SZ,T,N,F,2012,2012-07,524_401,167_077,E00017319,51.38911,-0.2135196
801_100,2012-03-29 00:00,KT6 5EW,D,N,F,2012,2012-03,517_477,165_879,E00154672,51.37982,-0.3133783
925_000,2012-11-23 00:00,OX1 2JJ,T,N,F,2012,2012-11,450_857,206_748,E00175324,51.75712,-1.26459
350_000,2012-05-31 00:00,PO8 0DP,D,N,F,2012,2012-05,470_842,112_616,E00114943,50.90868,-0.9937841
198_000,2012-12-19 00:00,ME12 2SG,D,N,F,2012,2012-12,594_861,173_431,E00124785,51.42638,0.8015423
205_000,2012-06-06 00:00,RG45 7BH,F,N,L,2012,2012-06,484_031,163_903,E00081900,51.36798,-0.7942884
180_000,2012-12-17 00:00,BN2 1JH,F,N,L,2012,2012-12,532_143,103_922,E00085545,50.81977,-0.1254193
105_000,2012-06-06 00:00,N9 8UH,F,N,L,2012,2012-06,535_564,194_203,E00007352,51.63031,-0.04276333
135_000,2012-06-29 00:00,CO2 8GN,F,Y,L,2012,2012-06,601_805,224_132,E00176422,51.87922,0.9305255
312_500,2012-02-02 00:00,HP7 0AR,F,N,L,2012,2012-02,495_464,197_072,E00089545,51.66433,-0.621129
350_000,2012-07-31 00:00,RG4 8XF,D,N,F,2012,2012-07,472_009,177_270,E00082890,51.4898,-0.9642378
300_000,2012-08-06 00:00,SL3 9LU,S,N,F,2012,2012-08,499_614,177_002,E00083636,51.48321,-0.5668305
265_000,2012-10-08 00:00,RG14 7DG,D,N,F,2012,2012-10,446_888,166_068,E00082439,51.39172,-1.327505
167_500,2012-04-27 00:00,PO11 9TG,T,N,F,2012,2012-04,472_899,98_697,E00116563,50.78327,-0.9672984
245_000,2012-11-23 00:00,HP14 4HR,T,N,F,2012,2012-11,481_200,198_414,E00090021,51.67863,-0.8270033
320_000,2012-11-19 00:00,SW12 8UB,F,N,L,2012,2012-11,527_729,174_027,E00022907,51.45083,-0.1632139
284_000,2012-09-28 00:00,TW5 9DT,T,N,F,2012,2012-09,511_896,177_122,E00013104,51.48199,-0.3899879
470_000,2012-02-27 00:00,SW11 1HR,S,N,F,2012,2012-02,527_099,174_821,E00022917,51.45811,-0.1719904
183_000,2012-07-20 00:00,RH11 8LL,T,N,F,2012,2012-07,524_785,135_965,E00160978,51.10941,-0.2188402
214_000,2012-02-03 00:00,SE18 1HP,T,N,F,2012,2012-02,545_636,178_562,E00008335,51.48726,0.09618291
110_000,2012-05-04 00:00,KT6 5LX,F,N,L,2012,2012-05,517_747,167_125,E00015067,51.39096,-0.3090878
249_000,2012-05-31 00:00,OX14 3SW,S,N,F,2012,2012-05,451_156,198_236,E00146209,51.68057,-1.261505
171_000,2012-01-30 00:00,EN3 6GQ,F,N,L,2012,2012-01,537_243,198_283,E00171170,51.66657,-0.01692123
650_000,2012-10-16 00:00,SE17 3UU,T,N,F,2012,2012-10,531_613,178_147,E00020117,51.48697,-0.1058179
221_500,2012-08-10 00:00,SE6 3TW,T,N,F,2012,2012-08,537_627,172_068,E00016113,51.43091,-0.02161853
370_000,2012-12-04 00:00,RH15 8TD,D,N,F,2012,2012-12,530_668,120_222,E00161651,50.96661,-0.1405217
1_900_000,2012-07-16 00:00,NW8 0ER,F,N,L,2012,2012-07,525_910,183_295,E00023415,51.53453,-0.1860742
350_000,2012-07-12 00:00,LU7 9FX,D,N,F,2012,2012-07,493_357,215_306,E00169107,51.82858,-0.6466955
340_000,2012-05-18 00:00,ME8 0FE,D,N,F,2012,2012-05,579_951,164_981,E00081340,51.3554,0.5830374
86_000,2012-10-19 00:00,SS9 4ED,F,N,L,2012,2012-10,582_610,188_943,E00079953,51.56978,0.6335489
595_000,2012-10-23 00:00,IG8 9HR,S,N,F,2012,2012-10,540_359,190_905,E00018478,51.59951,0.02514953
199_000,2012-01-04 00:00,BN15 0LJ,S,N,F,2012,2012-01,517_293,105_760,E00159822,50.83949,-0.3355467
145_500,2012-10-11 00:00,TN28 8EL,F,N,L,2012,2012-10,608_429,124_429,E00124552,50.98153,0.9679954
210_000,2012-11-13 00:00,SW16 2SW,F,N,L,2012,2012-11,530_253,171_964,E00015929,51.43172,-0.1276695
355_000,2012-08-16 00:00,SE13 5NG,T,N,F,2012,2012-08,539_263,174_388,E00016610,51.45136,0.002811935
203_000,2012-07-16 00:00,SE26 5HU,F,N,L,2012,2012-07,535_322,171_047,E00003895,51.42229,-0.05514498
250_000,2012-10-05 00:00,ME4 3BB,D,N,F,2012,2012-10,576_919,170_467,E00081432,51.40563,0.5422688
245_000,2012-10-26 00:00,CB9 7DW,D,N,F,2012,2012-10,568_202,241_655,E00108580,52.04776,0.4514273
132_500,2012-06-25 00:00,ME8 9SD,T,N,F,2012,2012-06,580_741,163_750,E00081413,51.34409,0.5937461
185_000,2012-09-17 00:00,GU24 0AD,F,N,L,2012,2012-09,494_600,156_964,E00157754,51.30395,-0.6443496
229_000,2012-06-29 00:00,RG42 1YH,S,N,F,2012,2012-06,486_256,169_673,E00082053,51.41952,-0.7609341
210_000,2012-07-31 00:00,SG12 0RZ,T,N,F,2012,2012-07,535_063,214_829,E00119445,51.81578,-0.0420057
557_000,2012-05-23 00:00,RH10 7EF,D,N,F,2012,2012-05,529_550,137_084,E00161100,51.11841,-0.1504086
4_050_000,2012-10-19 00:00,SW3 4BN,T,N,F,2012,2012-10,527_501,178_119,E00014593,51.48766,-0.1650185
375_000,2012-07-31 00:00,BN15 8LL,S,Y,F,2012,2012-07,519_855,104_199,E00159984,50.82493,-0.2996874
364_000,2012-03-30 00:00,CM2 9FN,D,Y,F,2012,2012-03,572_007,204_889,E00109550,51.71635,0.4885469
124_995,2012-12-19 00:00,RM17 5QQ,F,N,L,2012,2012-12,561_146,178_158,E00080669,51.47943,0.3191997
250_000,2012-09-03 00:00,OX33 1YF,D,N,F,2012,2012-09,460_187,205_504,E00146095,51.74501,-1.129648
216_500,2012-10-05 00:00,BN41 2HH,S,N,F,2012,2012-10,525_343,107_019,E00085393,50.84912,-0.2208453
174_000,2012-02-24 00:00,E17 5AY,F,N,L,2012,2012-02,537_303,190_550,E00021866,51.59707,-0.01908403
224_000,2012-11-27 00:00,HA3 9JX,F,N,L,2012,2012-11,518_140,189_338,E00010872,51.59052,-0.296015
184_950,2012-03-09 00:00,RG30 4EF,T,N,F,2012,2012-03,468_552,173_634,E00082834,51.45754,-1.014726
198_000,2012-12-11 00:00,RM9 4BB,S,N,F,2012,2012-12,547_186,184_568,E00000360,51.54083,0.1209965
990_000,2012-10-29 00:00,GU24 8JE,D,N,F,2012,2012-10,499_955,162_733,E00156881,51.35489,-0.5659406
587_000,2012-08-06 00:00,W10 4AH,T,N,F,2012,2012-08,523_918,182_792,E00023855,51.53045,-0.2149558
395_000,2012-08-06 00:00,DA15 9LB,S,N,F,2012,2012-08,546_852,173_704,E00001727,51.4433,0.1116677
835_000,2012-09-28 00:00,EC1V 3SB,F,N,L,2012,2012-09,532_112,182_433,E00174775,51.52537,-0.09703119
585_000,2012-10-30 00:00,BN8 4QD,D,N,F,2012,2012-10,539_663,115_884,E00106769,50.92551,-0.01416511
290_000,2012-11-16 00:00,MK43 9DU,D,N,F,2012,2012-11,500_906,245_488,E00088607,52.09854,-0.5283314
138_500,2012-06-06 00:00,SS8 8AU,D,N,F,2012,2012-06,580_334,183_881,E00109198,51.52505,0.5981518
378_000,2012-06-15 00:00,W5 4BB,T,N,F,2012,2012-06,517_416,178_516,E00006507,51.49341,-0.3100681
790_000,2013-02-01 00:00,SL6 9SL,S,N,F,2013,2013-02,489_537,185_328,E00083474,51.55974,-0.7097966
240_000,2013-01-28 00:00,IG3 9YD,T,N,F,2013,2013-01,545_477,186_515,E00018810,51.55876,0.09717544
200_000,2013-09-24 00:00,OX5 2FQ,F,Y,L,2013,2013-09,449_624,213_452,E00145181,51.8175,-1.281495
250_000,2013-04-23 00:00,E6 6ND,D,N,F,2013,2013-04,543_583,181_658,E00017627,51.5156,0.06789371
485_000,2013-02-22 00:00,N4 2SW,F,N,L,2013,2013-02,531_636,186_806,E00008570,51.56477,-0.1022542
145_000,2013-08-19 00:00,SG18 8LF,S,N,F,2013,2013-08,519_563,244_285,E00087795,52.08402,-0.2565133
450_000,2013-04-05 00:00,HP4 2QH,S,N,F,2013,2013-04,501_768,208_860,E00118663,51.76918,-0.5265745
180_000,2013-12-20 00:00,BN24 5HS,S,N,F,2013,2013-12,563_283,104_797,E00107737,50.8197,0.3166953
886_000,2013-08-12 00:00,KT3 3AX,D,N,F,2013,2013-08,520_480,169_538,E00014893,51.41207,-0.2690086
250_000,2013-12-12 00:00,HP21 8RX,S,N,F,2013,2013-12,482_202,212_597,E00089283,51.80598,-0.809168
490_000,2013-10-10 00:00,SP11 6BT,D,N,F,2013,2013-10,442_550,150_078,E00114467,51.24829,-1.391751
125_000,2013-12-20 00:00,RM19 1SG,T,N,F,2013,2013-12,556_798,178_591,E00080509,51.48454,0.2568312
180_000,2013-04-30 00:00,SL3 8WF,F,N,L,2013,2013-04,502_054,178_763,E00083269,51.4986,-0.5311952
222_500,2013-02-13 00:00,DA14 4FF,F,Y,L,2013,2013-02,546_265,171_938,E00002259,51.42758,0.1024986
422_500,2013-12-17 00:00,NN4 9DW,D,Y,F,2013,2013-12,472_499,258_064,E00138631,52.21603,-0.9402605
163_000,2013-03-06 00:00,UB7 9FS,F,Y,L,2013,2013-03,506_772,179_740,E00176470,51.50652,-0.4629577
190_000,2013-08-19 00:00,MK17 8GR,F,N,L,2013,2013-08,492_548,236_158,E00175444,52.01614,-0.6528328
152_000,2013-10-11 00:00,N13 4BW,F,N,L,2013,2013-10,530_758,193_464,E00007753,51.62481,-0.1124349
480_000,2013-11-29 00:00,RH10 7ZG,D,N,F,2013,2013-11,529_914,136_045,E00161056,51.10899,-0.1455846
300_000,2013-09-12 00:00,E17 3JY,T,N,F,2013,2013-09,538_469,189_861,E00022449,51.59059,-0.002532528
156_500,2013-11-22 00:00,RH10 7AD,F,N,L,2013,2013-11,528_917,136_867,E00167697,51.1166,-0.1595252
248_995,2013-12-20 00:00,DA1 5GW,T,Y,F,2013,2013-12,554_923,176_287,E00167457,51.46435,0.2288399
245_000,2013-10-11 00:00,RH14 9QN,T,N,F,2013,2013-10,508_834,126_051,E00161204,51.02354,-0.4495823
190_000,2013-08-23 00:00,TN38 8AL,D,N,F,2013,2013-08,577_520,108_680,E00106736,50.8504,0.5204912
163_500,2013-10-25 00:00,BN18 0TS,T,N,F,2013,2013-10,498_808,102_995,E00160489,50.81808,-0.5987275
418_000,2013-07-31 00:00,N1 4FE,F,Y,L,2013,2013-07,532_872,184_938,E00013837,51.5477,-0.08513797
144_000,2013-07-12 00:00,SS9 4JA,S,N,F,2013,2013-07,583_988,187_404,E00079934,51.55551,0.6526048
369_995,2013-09-16 00:00,N14 5QD,T,N,F,2013,2013-09,529_265,194_707,E00007563,51.63633,-0.1335323
475_000,2013-10-11 00:00,HA7 1FE,F,N,L,2013,2013-10,517_953,190_993,E00171110,51.60543,-0.2981572
107_000,2013-10-22 00:00,MK40 2UX,F,N,L,2013,2013-10,504_097,250_471,E00088342,52.14273,-0.4802424
1_200_000,2013-01-23 00:00,SW18 1PY,S,N,F,2013,2013-01,524_816,174_426,E00022650,51.45506,-0.2049725
190_000,2013-03-27 00:00,BN11 1DL,T,N,F,2013,2013-03,515_053,103_119,E00162102,50.8162,-0.3681736
633_000,2013-01-17 00:00,GU33 6LR,S,N,F,2013,2013-01,473_876,128_480,E00115061,51.05093,-0.9474197
200_000,2013-07-09 00:00,SG19 1HR,S,N,F,2013,2013-07,516_612,249_377,E00088029,52.1304,-0.2978177
455_000,2013-01-25 00:00,HP14 4QZ,D,N,F,2013,2013-01,485_145,196_741,E00090160,51.66301,-0.7703678
115_000,2013-10-25 00:00,TN29 9BA,T,N,F,2013,2013-10,603_779,120_545,E00124533,50.94831,0.8996674
200_000,2013-11-29 00:00,NN5 6FH,D,N,F,2013,2013-11,472_352,261_191,E00169232,52.24416,-0.9417437
241_000,2013-08-20 00:00,TW14 0DP,T,N,F,2013,2013-08,511_572,173_785,E00012890,51.45207,-0.3957041
655_000,2013-02-21 00:00,SW19 8LU,S,N,F,2013,2013-02,525_574,171_080,E00017498,51.42483,-0.1952545
144_000,2013-02-08 00:00,RG6 4BZ,T,N,F,2013,2013-02,475_105,170_385,E00084032,51.4275,-0.9211141
125_000,2013-06-12 00:00,RH11 9QB,T,N,F,2013,2013-06,525_085,134_877,E00160909,51.09956,-0.2149337
110_000,2013-07-17 00:00,GU4 7YS,F,N,L,2013,2013-07,501_037,151_836,E00155232,51.25675,-0.55349
223_500,2013-06-03 00:00,E16 1SP,F,N,L,2013,2013-06,540_442,180_384,E00018198,51.50495,0.02214998
160_000,2013-01-03 00:00,BN41 2QA,T,N,F,2013,2013-01,524_880,106_634,E00085402,50.84576,-0.2275501
650_000,2013-03-22 00:00,NW6 5UZ,T,N,F,2013,2013-03,525_586,183_347,E00023787,51.53507,-0.1907245
265_000,2013-09-20 00:00,AL1 2QY,F,N,L,2013,2013-09,514_145,205_589,E00120578,51.73739,-0.3483552
790_000,2013-03-15 00:00,W13 8AA,S,N,F,2013,2013-03,516_619,180_928,E00006121,51.51525,-0.3207465
499_950,2013-05-01 00:00,RG10 9PX,D,N,F,2013,2013-05,478_918,177_228,E00084248,51.4885,-0.8647561
475_000,2013-01-16 00:00,N7 8EL,F,N,L,2013,2013-01,530_745,185_180,E00174759,51.55037,-0.1157053
278_000,2013-05-21 00:00,TN28 8AE,D,N,F,2013,2013-05,608_363,124_459,E00124550,50.98182,0.9670737
204_950,2013-08-15 00:00,RG41 2AW,F,Y,L,2013,2013-08,480_452,168_027,E00083962,51.40557,-0.844756
159_000,2013-08-16 00:00,RH15 0UD,F,N,L,2013,2013-08,532_757,119_286,E00161701,50.95772,-0.1111305
200_000,2013-08-23 00:00,GU12 5QS,T,N,F,2013,2013-08,489_103,153_361,E00155202,51.27244,-0.7240801
249_950,2013-12-13 00:00,GU1 3XL,F,N,L,2013,2013-12,499_796,148_926,E00155342,51.23081,-0.5720782
250_000,2013-12-12 00:00,UB3 2JB,T,N,F,2013,2013-12,510_191,180_697,E00012459,51.51446,-0.413416
156_500,2013-11-15 00:00,RH2 7PS,F,N,L,2013,2013-11,526_281,148_547,E00156222,51.22216,-0.1930676
245_000,2013-06-24 00:00,CR2 0FA,F,Y,L,2013,2013-06,532_726,162_944,E00005167,51.35008,-0.09548482
447_500,2013-10-11 00:00,W14 9SP,F,N,L,2013,2013-10,524_448,178_008,E00009572,51.48734,-0.209006
240_000,2013-04-11 00:00,N18 1AP,T,N,F,2013,2013-04,532_204,191_985,E00007712,51.61118,-0.09211557
380_000,2013-07-17 00:00,KT6 7NP,S,N,F,2013,2013-07,519_061,165_526,E00015134,51.37631,-0.290747
331_000,2013-11-15 00:00,HP21 8FT,D,N,F,2013,2013-11,480_824,212_866,E00089108,51.8086,-0.829087
208_800,2013-06-03 00:00,BN13 3JL,T,N,F,2013,2013-06,511_361,105_228,E00162116,50.83588,-0.4199207
240_000,2013-08-27 00:00,BN21 2RG,D,N,F,2013,2013-08,560_009,100_372,E00106331,50.78085,0.2683285
490_000,2013-05-09 00:00,RH4 3DQ,D,N,F,2013,2013-05,515_958,148_842,E00155747,51.227,-0.3407258
690_000,2013-07-16 00:00,SL6 8NY,D,N,F,2013,2013-07,490_209,182_158,E00083731,51.53113,-0.7009171
485_000,2013-07-15 00:00,NW2 7DS,S,N,F,2013,2013-07,522_213,186_370,E00002439,51.56297,-0.2382814
220_000,2013-01-18 00:00,IG1 2QF,T,N,F,2013,2013-01,544_164,185_188,E00018767,51.54718,0.07770487
182_000,2013-04-10 00:00,NN1 5EN,T,N,F,2013,2013-04,476_378,260_690,E00138502,52.23911,-0.8829033
331_000,2013-09-18 00:00,BN16 2HL,D,N,F,2013,2013-09,505_297,101_771,E00160445,50.80594,-0.5069953
265_000,2013-08-13 00:00,NW2 6AY,F,N,L,2013,2013-08,522_980,185_686,E00002697,51.55666,-0.2274609
227_000,2013-12-13 00:00,ME8 9JQ,S,N,F,2013,2013-12,581_273,164_078,E00081408,51.34687,0.6015432
680_000,2013-12-13 00:00,SW18 5SG,T,N,F,2013,2013-12,524_774,173_892,E00022628,51.45027,-0.2057649
312_500,2013-08-22 00:00,CM23 5FD,D,N,F,2013,2013-08,549_927,220_619,E00119070,51.86401,0.1759785
165_000,2013-01-09 00:00,E7 9PJ,F,N,L,2013,2013-01,540_460,184_483,E00018022,51.54177,0.02404185
355_000,2013-11-29 00:00,RH1 1AJ,D,N,F,2013,2013-11,528_573,150_979,E00156133,51.24351,-0.1593927
215_000,2013-10-04 00:00,SE8 5BJ,F,N,L,2013,2013-10,536_309,178_112,E00016407,51.48554,-0.03823855
280_000,2013-10-25 00:00,E11 4DP,T,N,F,2013,2013-10,538_698,186_740,E00021975,51.56249,-0.0004602863
775_000,2013-07-31 00:00,N5 2PL,F,N,L,2013,2013-07,532_068,185_530,E00013652,51.55321,-0.09650416
250_000,2013-10-18 00:00,ME19 4FY,T,N,F,2013,2013-10,568_880,155_577,E00167629,51.27432,0.4197449
200_000,2013-08-19 00:00,RM12 4NQ,T,N,F,2013,2013-08,552_312,185_711,E00011287,51.54974,0.1953493
222_500,2013-12-19 00:00,HP23 5QS,F,N,L,2013,2013-12,495_028,212_199,E00118639,51.80037,-0.6233062
172_000,2013-12-20 00:00,CT1 2RT,F,N,L,2013,2013-12,614_321,157_408,E00167537,51.27549,1.071404
340_000,2013-12-12 00:00,PO8 0LE,S,N,F,2013,2013-12,470_413,116_253,E00114836,50.94143,-0.9991835
158_000,2013-09-20 00:00,SG15 6UW,T,N,F,2013,2013-09,519_259,237_639,E00087763,52.02436,-0.2632653
160_000,2013-01-17 00:00,PE29 3PS,F,Y,L,2013,2013-01,523_757,271_756,E00173810,52.32995,-0.1853081
238_000,2013-10-01 00:00,PO9 3QS,D,N,F,2013,2013-10,469_781,107_333,E00116411,50.86131,-1.009879
288_000,2013-11-18 00:00,KT12 2DB,S,N,F,2013,2013-11,511_010,166_567,E00154828,51.3873,-0.4060471
148_000,2013-07-02 00:00,LU5 6EX,T,N,F,2013,2013-07,500_664,228_309,E00088950,51.94418,-0.5369094
775_000,2014-04-14 00:00,SW17 9AG,T,N,F,2014,2014-04,527_667,170_966,E00022769,51.42333,-0.1652083
380_000,2014-04-17 00:00,MK40 3PA,F,N,L,2014,2014-04,505_390,249_644,E00173773,52.13506,-0.4616111
250_000,2014-05-08 00:00,GU34 1NZ,T,N,F,2014,2014-05,471_479,138_796,E00114779,51.14398,-0.9795716
160_000,2014-02-14 00:00,ME16 8LL,T,N,F,2014,2014-02,574_213,154_790,E00123660,51.26564,0.495741
129_950,2014-03-24 00:00,LU1 3PY,T,N,F,2014,2014-03,509_324,220_416,E00079818,51.87161,-0.4134721
237_500,2014-01-10 00:00,SE3 0LW,F,N,L,2014,2014-01,540_546,176_774,E00007886,51.47248,0.02221152
950_000,2014-01-24 00:00,RH5 5SJ,D,N,F,2014,2014-01,511_931,141_568,E00155840,51.16242,-0.400638
625_000,2014-03-07 00:00,W1G 6PP,F,N,L,2014,2014-03,528_338,181_876,E00023821,51.52123,-0.1516043
130_000,2014-01-31 00:00,HP19 7HX,F,N,L,2014,2014-01,479_962,214_078,E00169146,51.81962,-0.8413078
375_000,2014-02-13 00:00,DA14 4PN,S,N,F,2014,2014-02,548_129,172_773,E00001899,51.4346,0.1296397
350_000,2014-04-17 00:00,ME19 4HR,D,N,F,2014,2014-04,567_700,155_089,E00167617,51.27028,0.4026152
145_000,2014-04-01 00:00,SG12 8EL,F,N,L,2014,2014-04,538_014,212_114,E00119201,51.79066,-0.0003024526
288_000,2014-02-07 00:00,MK43 0HT,D,N,F,2014,2014-02,495_425,242_395,E00087851,52.07171,-0.6091844
242_500,2014-03-06 00:00,HP2 7SY,S,N,F,2014,2014-03,508_163,209_705,E00119049,51.77557,-0.4336711
225_000,2014-05-09 00:00,TW12 3XQ,F,N,L,2014,2014-05,512_298,170_918,E00019258,51.42615,-0.3861688
455_000,2014-02-07 00:00,CM4 0FL,S,Y,F,2014,2014-02,559_417,202_785,E00110583,51.70117,0.3054999
270_000,2014-02-07 00:00,CM77 7PY,D,N,F,2014,2014-02,574_706,221_650,E00108617,51.86607,0.5360105
185_000,2014-02-27 00:00,BN17 7DE,T,N,F,2014,2014-02,502_707,102_486,E00160262,50.81283,-0.5435398
333_000,2014-04-11 00:00,BN3 5HB,T,N,F,2014,2014-04,527_830,105_647,E00085811,50.83625,-0.186014
234_500,2014-02-19 00:00,OX39 4TN,S,N,F,2014,2014-02,474_987,200_792,E00145764,51.70087,-0.9163336
350_000,2014-02-28 00:00,EN8 8UE,D,N,F,2014,2014-02,536_359,202_184,E00118374,51.70184,-0.02817281
420_000,2014-02-21 00:00,RG14 7QL,D,N,F,2014,2014-02,447_266,166_319,E00082438,51.39395,-1.322039
1_050_000,2014-02-13 00:00,SW17 7DH,T,N,F,2014,2014-02,527_505,172_788,E00022889,51.43975,-0.1668817
450_000,2014-02-14 00:00,TW7 6QD,T,N,F,2014,2014-02,515_637,176_257,E00013315,51.47347,-0.336421
270_000,2014-01-31 00:00,DA7 5ED,S,N,F,2014,2014-01,549_636,176_848,E00002151,51.47082,0.1530257
243_000,2014-01-10 00:00,CT1 2QL,T,N,F,2014,2014-01,614_732,157_520,E00122462,51.27634,1.077355
1_400_000,2014-02-28 00:00,SE23 3RR,S,N,F,2014,2014-02,535_015,173_158,E00016455,51.44133,-0.05875365
725_000,2014-04-14 00:00,WC1X 0ER,F,N,L,2014,2014-04,531_235,182_582,E00013572,51.52691,-0.10961
115_000,2014-02-21 00:00,MK9 3BP,F,N,L,2014,2014-02,485_572,239_490,E00084442,52.04721,-0.7536253
290_000,2014-04-02 00:00,HP22 5GF,D,N,F,2014,2014-04,487_804,208_657,E00169128,51.76971,-0.7289348
164_000,2014-01-08 00:00,DA7 6RH,F,N,L,2014,2014-01,550_989,176_399,E00001816,51.46642,0.1722992
265_000,2014-02-18 00:00,SS9 1LN,T,N,F,2014,2014-02,585_021,186_296,E00080115,51.54522,0.6669061
475_000,2014-03-31 00:00,SW15 2SR,F,N,L,2014,2014-03,524_455,174_838,E00022677,51.45885,-0.2100207
2_875_000,2014-02-05 00:00,SW7 1JH,T,N,F,2014,2014-02,527_281,179_437,E00023685,51.49955,-0.1677105
420_000,2014-01-31 00:00,SL4 5SZ,S,N,F,2014,2014-01,493_794,176_972,E00083584,51.48393,-0.6506277
557_500,2014-04-25 00:00,RH1 6BA,S,N,F,2014,2014-04,526_925,150_266,E00156181,51.23747,-0.1832423
375_000,2014-03-21 00:00,TN30 7AG,S,N,F,2014,2014-03,589_072,133_873,E00121982,51.07303,0.6974923
132_500,2014-01-17 00:00,MK5 6LR,F,N,L,2014,2014-01,482_303,236_417,E00175499,52.02008,-0.8020199
147_000,2014-03-28 00:00,PE19 2BG,F,N,L,2014,2014-03,518_171,260_136,E00091748,52.22676,-0.2713085
249_000,2014-02-05 00:00,SE8 5BU,F,N,L,2014,2014-02,537_046,177_703,E00173948,51.48169,-0.02778944
173_000,2014-02-14 00:00,TW13 4GJ,F,N,L,2014,2014-02,510_501,173_167,E00168866,51.44672,-0.4113038
195_000,2014-03-20 00:00,SE18 7JU,F,N,L,2014,2014-03,544_031,178_183,E00008460,51.48427,0.07292822
285_000,2014-01-24 00:00,ME9 8JD,S,N,F,2014,2014-01,588_497,161_912,E00124636,51.32507,0.7040067
87_500,2014-03-10 00:00,TN22 1JT,F,N,L,2014,2014-03,547_493,121_983,E00107817,50.97837,0.09963564
210_000,2014-02-28 00:00,RG41 2YF,F,N,L,2014,2014-02,480_500,168_702,E00083948,51.41163,-0.8439131
215_000,2014-04-23 00:00,BN13 2NT,T,N,F,2014,2014-04,512_291,104_999,E00162120,50.83364,-0.4067892
418_500,2014-04-11 00:00,AL10 9NR,S,N,F,2014,2014-04,521_013,207_980,E00121552,51.75744,-0.2481105
450_000,2014-01-03 00:00,E9 7ND,F,N,L,2014,2014-01,534_896,183_645,E00009156,51.5356,-0.05646128
145_000,2014-01-31 00:00,CB8 0JS,T,N,F,2014,2014-01,564_011,263_424,E00152636,52.24456,0.4008679
320_000,2014-04-07 00:00,RH13 6RE,T,N,F,2014,2014-04,518_994,124_721,E00161456,51.00957,-0.3052183
760_000,2014-01-31 00:00,HA3 6TS,S,N,F,2014,2014-01,514_667,191_701,E00010730,51.61247,-0.3453541
235_000,2014-05-12 00:00,GU16 8XF,T,N,F,2014,2014-05,488_624,157_978,E00156902,51.31402,-0.7298002
212_500,2014-03-21 00:00,BR1 3PU,F,N,L,2014,2014-03,540_180,169_971,E00004030,51.41144,0.01425362
115_000,2014-03-07 00:00,CM7 5UD,F,N,L,2014,2014-03,575_710,224_303,E00108494,51.88959,0.5519264
131_000,2014-01-24 00:00,KT18 7PJ,F,N,L,2014,2014-01,520_582,160_648,E00155124,51.33215,-0.2705559
497_500,2014-01-30 00:00,AL4 0SZ,S,N,F,2014,2014-01,517_921,207_125,E00120187,51.75042,-0.2931768
1_075_000,2014-02-14 00:00,KT20 6LN,D,N,F,2014,2014-02,525_572,156_932,E00156022,51.29768,-0.2002742
515_000,2014-02-10 00:00,RG1 6HY,D,N,F,2014,2014-02,470_317,172_565,E00082786,51.44772,-0.9895383
285_000,2014-01-27 00:00,AL7 2AP,T,N,F,2014,2014-01,525_872,213_263,E00121631,51.80385,-0.1758349
222_500,2014-04-08 00:00,CM16 6JU,T,N,F,2014,2014-04,549_454,203_848,E00110736,51.71346,0.1618964
613_500,2014-05-14 00:00,HA5 5AJ,D,N,F,2014,2014-05,512_610,187_999,E00011020,51.57961,-0.3762357
860_000,2014-03-07 00:00,KT20 5DG,D,N,F,2014,2014-03,522_683,156_113,E00156254,51.29094,-0.2419718
490_000,2014-01-20 00:00,NW1 0DR,F,N,L,2014,2014-01,529_346,183_766,E00004742,51.53798,-0.1363903
250_000,2014-01-31 00:00,SM5 2QU,T,N,F,2014,2014-01,527_551,165_105,E00020990,51.37069,-0.1689803
435_000,2014-01-09 00:00,RH20 2RG,D,N,F,2014,2014-01,509_041,116_751,E00161271,50.9399,-0.4494192
170_000,2014-05-23 00:00,CR0 6UG,F,N,L,2014,2014-05,533_054,165_931,E00004905,51.37685,-0.08966099
198_200,2014-03-10 00:00,TN34 3SJ,T,N,F,2014,2014-03,582_044,110_547,E00106502,50.86577,0.5856183
130_000,2014-03-25 00:00,E12 6LS,F,N,L,2014,2014-03,543_005,184_941,E00017857,51.54525,0.06090143
210_000,2014-02-21 00:00,ME12 4JD,D,N,F,2014,2014-02,596_945,172_505,E00124798,51.41734,0.8309658
242_500,2014-02-21 00:00,DA1 1SY,S,N,F,2014,2014-02,555_221,173_666,E00122535,51.44072,0.2319773
250_000,2014-02-25 00:00,ME8 0DJ,D,N,F,2014,2014-02,580_438,165_406,E00081321,51.35907,0.5902394
79_950,2014-03-19 00:00,BN21 3DB,F,N,L,2014,2014-03,561_516,98_862,E00106263,50.76687,0.2890243
515_000,2014-01-10 00:00,UB9 5NJ,D,N,F,2014,2014-01,504_656,187_974,E00089865,51.58092,-0.4909888
425_000,2014-05-01 00:00,SE16 5UA,F,N,L,2014,2014-05,536_650,180_069,E00020443,51.50304,-0.03257342
400_000,2014-02-13 00:00,CR5 1NG,S,N,F,2014,2014-02,529_406,157_889,E00005059,51.30542,-0.1449659
430_000,2014-01-06 00:00,SE13 5HB,T,N,F,2014,2014-01,538_597,174_945,E00174036,51.45653,-0.006548506
160_000,2014-03-14 00:00,PO21 5TJ,S,N,F,2014,2014-03,491_964,100_173,E00160123,50.79384,-0.6965605
341_000,2014-03-21 00:00,SE19 1SW,F,N,L,2014,2014-03,533_587,171_266,E00019861,51.42467,-0.08000067
580_000,2014-01-22 00:00,SM2 5DT,S,N,F,2014,2014-01,526_696,163_598,E00020896,51.35734,-0.1817931
224_000,2014-03-13 00:00,BN10 7JR,S,N,F,2014,2014-03,540_355,101_278,E00106982,50.79408,-0.009921736
149_000,2014-02-21 00:00,LU5 5JD,T,N,F,2014,2014-02,502_053,224_692,E00088926,51.91142,-0.5177802
68_000,2014-02-21 00:00,CB7 5ZW,S,N,L,2014,2014-02,556_389,271_173,E00091064,52.31639,0.292918
322_500,2014-04-10 00:00,GU2 8AP,S,N,F,2014,2014-04,498_491,150_915,E00155558,51.24891,-0.5902162
250_000,2014-04-17 00:00,SE19 3UZ,F,N,L,2014,2014-04,532_021,170_511,E00005777,51.41825,-0.1027922
225_000,2014-02-07 00:00,ME1 2RN,T,N,F,2014,2014-02,575_165,165_965,E00081515,51.36574,0.5148581
249_950,2014-01-24 00:00,KT20 6UY,F,N,L,2014,2014-01,525_438,153_501,E00156017,51.26687,-0.2033987
227_000,2014-03-07 00:00,DA8 1EY,T,N,F,2014,2014-03,550_168,177_429,E00002164,51.4759,0.1609262
2_193_000,2014-01-17 00:00,W8 4BD,F,N,L,2014,2014-01,525_506,179_877,E00014133,51.5039,-0.193112
695_000,2014-05-22 00:00,KT17 3NL,D,N,F,2014,2014-05,523_164,159_761,E00156089,51.32363,-0.233819
450_000,2014-04-17 00:00,TN28 8QX,D,N,F,2014,2014-04,608_504,125_034,E00124548,50.98693,0.9694092
790_000,2014-02-21 00:00,TW12 2EW,D,N,F,2014,2014-02,513_893,169_502,E00019237,51.41311,-0.3636918
1_950_000,2014-04-25 00:00,KT20 6NW,D,N,F,2014,2014-04,524_687,155_596,E00156026,51.28586,-0.2134274
230_000,2014-04-30 00:00,TN39 4NH,S,N,F,2014,2014-04,571_355,108_596,E00107313,50.8515,0.4329574
205_000,2014-01-30 00:00,KT6 7JX,F,N,L,2014,2014-01,519_488,165_508,E00015126,51.37606,-0.2846209